,rand1,rand2,best1,best2,currtobest1,pbest/P-0.05,pbest/P-0.1,pbest/P-0.15,pbest/P-0.2
0,0.8392232515064927,0.8392232515064927,0.8392232515064927,0.8392232515064927,0.8392232515064927,0.8392232515064927,0.8392232515064927,0.8392232515064927,0.8392232515064927
1,0.6753751619125214,0.6571982623417972,0.6604941147784416,0.6685103981013589,0.6944491392767403,0.7893971974735805,0.7544172062325912,0.6603941235575586,0.6870442597167856
2,0.5864201789857882,0.562887363640545,0.5474246008426848,0.5786574461465398,0.613918354525972,0.7198869679392814,0.6909938843512058,0.5816364396691075,0.5899240650811304
3,0.5220285186516305,0.5071155953977324,0.47760667667568746,0.4987543014659804,0.5402957446371925,0.6664319169934069,0.6128854806123507,0.5299350275132954,0.5183375165957206
4,0.47178583693121146,0.46463269000929,0.4269869469861796,0.4229977457739466,0.49142154872042687,0.6378523166546798,0.5674873946905998,0.47456795700393967,0.4623682620107766
5,0.41134823805917065,0.41453866648872284,0.3751011627638546,0.37700617159448824,0.4631971575945005,0.6045830254017867,0.5257179882359818,0.4295479499555455,0.4065918611322548
6,0.3724259584973667,0.3734632472115295,0.3310388193234771,0.33564538778941466,0.4260494167560525,0.569063044153396,0.4952886488904186,0.3793670766864287,0.3618987254247485
7,0.3237565872265971,0.33964474294489894,0.2991051688805147,0.30574861667443615,0.3930706891590292,0.5376783535635833,0.46159468821667093,0.34298451066115987,0.32309863361872065
8,0.2939126184387106,0.3079972340521736,0.26688434406981615,0.28143436594453675,0.36849607734450873,0.5189789255467968,0.43319184753910367,0.31100989050012867,0.2812482244611164
9,0.2681053155521232,0.28286129880485095,0.2352321220612762,0.2539434925799423,0.3502201195951586,0.49231025564850195,0.40004647421160444,0.2960162566055059,0.2591311567983084
10,0.2500845769726105,0.2631523234657919,0.20979085824246071,0.23551980086986699,0.32499114136673557,0.4748696648499959,0.3716128437907485,0.2698379097514349,0.23955374576211347
11,0.22972566566858452,0.24492318548389574,0.1894117628182954,0.21715561237849731,0.3067387043270277,0.44833157232967386,0.3497014323774998,0.2557269616002528,0.21873341887335615
12,0.2085742496576409,0.2258684146119455,0.17514935328677952,0.2056899505197686,0.29549724245218806,0.43116621272388195,0.3313039757733687,0.23837709847499475,0.20114271862394426
13,0.19083351552191535,0.21159038035511457,0.15978079584618135,0.19280168890970353,0.2797865300125816,0.4156559753751829,0.3176988813287818,0.22141573756235114,0.18874797539117777
14,0.17697105826279103,0.1945913227407693,0.14673102855885373,0.1750190207239798,0.26473509341636114,0.3980639574153878,0.29705805062392265,0.2109554313541984,0.1750592196384326
15,0.1654915142526438,0.18480110727679383,0.1334782996265399,0.16402660769447666,0.2492420526824243,0.3837054621869394,0.2845440571105037,0.19880845481474604,0.1592526115656911
16,0.15347367206904897,0.17312716751551493,0.12247632100260201,0.15209006987036297,0.23915365771673938,0.372187154027279,0.2724145907240546,0.18854011624332662,0.15062452613254565
17,0.1400443138165456,0.1622733763885715,0.11287001126021316,0.14174998577504996,0.23080519586577325,0.35546413007975597,0.26092156593437676,0.1791881433732931,0.1426044718507441
18,0.13009296124791486,0.15200605533286057,0.10396246591458748,0.13311920329490665,0.22162296547077293,0.3444505316020517,0.2509645757817009,0.17172647728252288,0.13394497323696303
19,0.12115654941680522,0.14295816327087693,0.0949076709897722,0.12521651374596826,0.21449820478661685,0.3357325477336761,0.24009681681311026,0.16421483007690765,0.1245240337053312
20,0.11389434559195095,0.1343482912281834,0.08760075286527098,0.1176854081156106,0.2059384608045928,0.3265952989728342,0.23145505183110224,0.15136341452038277,0.11766106841761537
21,0.10506989759859532,0.12759782952489193,0.08108146031932771,0.11122459368679148,0.19689436348124864,0.3190013175243968,0.22246565901743395,0.14504561890812376,0.10984696232742622
22,0.09857912702362648,0.12035630609340665,0.07506041788766432,0.10293902545177155,0.18908890073020498,0.30810297353598765,0.2184450709011997,0.13741901382299035,0.10479819733806466
23,0.0927867811059744,0.1134219951332334,0.06918449252417912,0.09710279927518957,0.18194725413743065,0.304211185027751,0.20906904448267163,0.13119980114013316,0.09888000140677088
24,0.08637019362422231,0.10780502658439059,0.06405806250912341,0.09251712507852307,0.1721358859010677,0.29923087167700646,0.19837222718680272,0.12567385004722867,0.09283791943458544
25,0.08004826017238133,0.10248282809605996,0.05957833795724441,0.08731098700244438,0.16474268388214494,0.29422784626363874,0.19256478917762576,0.12182212597374334,0.08769502457872522
26,0.07519060972847721,0.09695491312747936,0.0558613774730136,0.08231264988808594,0.1587889741363088,0.29017880475230046,0.18759597462039232,0.11598424941957074,0.08138253816423736
27,0.06943475380795563,0.09077445438229155,0.05213913440060663,0.07725152059390031,0.1533344837130301,0.2865309844323273,0.18167500162028408,0.1107717961921434,0.07666190988595033
28,0.06561601032587053,0.08607705674643124,0.04915216809673864,0.0729272850871878,0.1480245182514274,0.28159569603972223,0.17841443305892932,0.10664182123099333,0.07320344524769015
29,0.061331895782890146,0.08204889714664385,0.04656230170477913,0.0685198967277718,0.14306444421932646,0.2794477217248083,0.1753952626004359,0.10253364675128854,0.07040089458535048
30,0.05654698254371151,0.07798454572500217,0.044154547155135004,0.0645965981512418,0.13906481759587258,0.27730396007650504,0.17264326245970257,0.09808742710760109,0.06730320547449933
31,0.053386273702932786,0.07397110733590036,0.04286842991976838,0.0612311637886033,0.13320033889784522,0.2751876156692434,0.16960343772482353,0.0944519577103586,0.06403200269028653
32,0.050477501816974954,0.0706000460263108,0.04170751121584849,0.05834128597224123,0.12874314700650055,0.2707085550474012,0.1664944629093652,0.09089037858167429,0.06135228675519853
33,0.047719652016095716,0.06582621018510468,0.04105719776863963,0.055432986043616524,0.12451038986284112,0.2681785536962361,0.1610032767409468,0.08670692059698111,0.056357899409864194
34,0.044956645270352966,0.06263070047768295,0.04030641120266633,0.05272173898920543,0.12040060093072592,0.2642227689146594,0.15839601151248459,0.08054734059388645,0.053706360156076584
35,0.042724082906607695,0.05961050599134153,0.03965586216410736,0.04998777858101035,0.11595866976814406,0.2623376352207973,0.15404017576414514,0.07774915617421664,0.050989510258282134
36,0.04151619421938855,0.05662124818734606,0.03915993008948814,0.04734123278042434,0.11195516516492829,0.25675783087903936,0.15197585302042485,0.07225989053378598,0.04834637252967834
37,0.04129058631829019,0.05418528108021799,0.03897933659661226,0.04536213138814333,0.10870060271139856,0.2552765082397358,0.14665223677869804,0.06677134633804897,0.04581283343638621
38,0.040323255644732964,0.05102305103008351,0.03876166330047151,0.043507856360502375,0.10452109946795492,0.25123013829315655,0.1449909841373689,0.06483032470711078,0.04383353173666216
39,0.03980097607332331,0.048301381431015825,0.03859679701145673,0.04196590780883087,0.10131198592320376,0.23962752310209276,0.14269356056445537,0.06257346669768615,0.04140961311051532
40,0.039655814592217564,0.0459690017430744,0.03781435397010081,0.040441820627159765,0.09801324654258282,0.2379851476410838,0.14042600765418997,0.06116162005979113,0.040093230408576354
41,0.039333037272048746,0.044116034127365644,0.038031109229035985,0.03945426039455144,0.0946772158221484,0.2364959593706263,0.13933815073222158,0.0587934422546559,0.03864906485841809
42,0.03886739490843731,0.042638862885936615,0.038203993881953176,0.03884835295233514,0.09242673410594122,0.23093932436494932,0.13472121491001351,0.05711827724144676,0.037042812947610686
43,0.03818912399114169,0.04112308684483948,0.03751741498035891,0.037659146862279586,0.08911711793435227,0.22200947772572677,0.13331111846561045,0.05542601452707734,0.03581995816880134
44,0.03808750782609157,0.03983381558741827,0.037725402172006345,0.03690204892419698,0.08567465750184021,0.21802090627424645,0.12896835616233,0.05447515605851155,0.034287143347293145
45,0.03825651863107427,0.038791385212544036,0.0373750397763742,0.03599507636394967,0.08312643778595083,0.2118063892896024,0.12774035880189435,0.053242013205746265,0.03339491535877948
46,0.038061472654931774,0.037638249028891284,0.03771159545855931,0.03545075842974656,0.07987496203883425,0.20694391340497317,0.12626946031730146,0.05205085061591688,0.03249101723269048
47,0.03771444378950787,0.03642916263161289,0.03677375236297912,0.03454799948865397,0.07715247876367393,0.1940753155950812,0.12507030333934033,0.05096150076679283,0.03184490197722783
48,0.03748541198240527,0.03582518583108955,0.0367435415552584,0.034156449678929786,0.07510277522109245,0.18995891445474702,0.1240820261966309,0.04941224874147027,0.03126855281008276
49,0.03675079823673806,0.03473932339650797,0.036665798735450936,0.03368128046153023,0.07274582685172325,0.1864418990970117,0.12253753190262627,0.048675192011670955,0.030753905479681442
50,0.0363922241342998,0.03404980144358622,0.03631096021439421,0.03349838380787491,0.07085418340989061,0.18176032464509545,0.12159201519361117,0.0476952603915738,0.03055685325052185
51,0.035698361953066166,0.0335088718739538,0.03626492131720916,0.03316058208928666,0.06874809232751583,0.1768042734326052,0.12059405778677544,0.046905629878783425,0.030254455078236476
52,0.03564223481335453,0.03306379956074773,0.03564976359274381,0.03286801455888748,0.06686110560575907,0.17497969292129092,0.11980938690475253,0.046093311045309004,0.029810066807309545
53,0.0354013629675952,0.033215496974326755,0.03499455566052432,0.032808627376615565,0.06480126240373814,0.17081838967211313,0.11929430725651374,0.045846264372720075,0.029706685579370555
54,0.03502363672193692,0.032818638286498475,0.03508530479974747,0.03236538486794174,0.06294125115572315,0.16680001746550677,0.11874244119999311,0.04558556786790086,0.029317243043516635
55,0.035071695495925134,0.03276083067258958,0.03496237704861753,0.03237701352338431,0.06105182250105686,0.16029582326849123,0.11646866614157612,0.04496014158643027,0.02935121685185927
56,0.034888655161647325,0.03246582971558621,0.03468919121557907,0.032534268080704906,0.05965409090943923,0.1588648600802021,0.11604773012275177,0.04479615689125652,0.029711260472128503
57,0.034718012252431575,0.03240061907697129,0.034557113264189046,0.03250656975599046,0.05771149904474151,0.15224083149411452,0.11569393464623913,0.044893333013433366,0.029497390930523427
58,0.034510626561522664,0.03260665275339143,0.0340433937053967,0.03276910580315247,0.05622924006177888,0.15136683604053977,0.11285145353293444,0.04475414668308826,0.029850591493217074
59,0.0342715884451146,0.03255895018320973,0.03364412237764277,0.032782568655163546,0.05468152346720245,0.14794496081832392,0.11253976169930244,0.044638916469572215,0.030004056657447722
60,0.03392155959160446,0.03206423293411788,0.033402850510771895,0.03290531757713428,0.05314023045084734,0.14693747908877336,0.11199831149146133,0.044663905029438775,0.030393618866004956
61,0.03403302587383008,0.03236578699083008,0.03352175029326953,0.032888057847411875,0.051734012325612797,0.14210215603075171,0.11185623005638726,0.04490855494519373,0.030286057125603276
62,0.03429906948543516,0.03251700703052249,0.03375460206605583,0.032827690716924825,0.049957689907974,0.14123184531872948,0.1117860573609477,0.04418371372035476,0.030757425111452946
63,0.034003344286386385,0.032821451188873696,0.03326552013746178,0.03316969227753472,0.04859582393052856,0.1340837734926035,0.11155588381512142,0.04432803388197489,0.030559271094107006
64,0.033861329798959665,0.03248273707187153,0.03308840287325243,0.03317313164795776,0.04718156796275089,0.13343123874340784,0.11109568501158788,0.0451228903545773,0.030983473558659866
65,0.033950803367796455,0.032294039266811805,0.03328986045248346,0.032876613372553806,0.04605234648254301,0.127559129479876,0.1109170835915412,0.045119225781821065,0.03087732668450337
66,0.0336351611922849,0.03237039577876653,0.033146679387026264,0.03279239441055498,0.04481029752910284,0.1266606253992898,0.1112330190675611,0.04491189564200442,0.031210189117362355
67,0.03390894029795733,0.03262152193075876,0.03319554073627626,0.03292570509940993,0.04396012857779523,0.12423466183471905,0.11094903373007238,0.04520837012765747,0.0314031234460896
68,0.03404953877809111,0.03291929474152449,0.033201581693752286,0.03309978938380299,0.04307762742861666,0.12343191480092133,0.11095667558155743,0.045301999304698214,0.031565554476437954
69,0.03348211457427789,0.03245403355740599,0.03293169674679334,0.033072447865567546,0.04217585858627046,0.1223644487590428,0.11092182023397808,0.04515473268117424,0.031637576628788126
70,0.032992376300955945,0.03241377820719499,0.03327702947370849,0.03318942859430284,0.04127135986072542,0.12176890575790808,0.11112956871824382,0.04490851221648814,0.031969181795806614
71,0.032975240000644106,0.032435931945098515,0.03288469404791396,0.03390201320078987,0.040690952572792295,0.12097308860776308,0.11093406781676668,0.04524323678617641,0.03237547308847038
72,0.03259415957843852,0.03275253665647451,0.03273413904015968,0.033514735903762256,0.040110290191144746,0.12054182432204559,0.11102809773954164,0.044655789649666995,0.0325271625542212
73,0.032869972758444464,0.032724080625834547,0.032682884417926515,0.03353240162518359,0.03952150844283244,0.12006904317376707,0.11110313304018431,0.04509489517460241,0.03215102977916828
74,0.0331544759148026,0.03286981687204518,0.03303225501379201,0.03388649697771587,0.03880595784625864,0.11952086339474764,0.11133833501765603,0.044941072525488894,0.03246691717294697
75,0.03312792838158808,0.03286961608917526,0.03237414886457384,0.03355006725792025,0.03851769975948048,0.11897992107801189,0.11152478340683625,0.045226655674038205,0.03275287760940555
76,0.03339353345589003,0.032773155204091346,0.0328344975885757,0.03368336923158713,0.0377713607530753,0.11882555975186018,0.11112336668734504,0.04522629538313313,0.03329286400712912
77,0.03304038351556108,0.03243238870207994,0.033083921890025327,0.033657552965434566,0.03742089934086535,0.11803761303289324,0.1111830377149366,0.0455440503489843,0.032931421369112965
78,0.03318899342421538,0.03244863838001114,0.03299324487042032,0.033078223689084356,0.03695342874965832,0.11771000312550575,0.111030550183807,0.04480762221173461,0.033086454121834266
79,0.033380295684448745,0.03261605985267273,0.03291719126758839,0.03300869649202806,0.03643626844666813,0.11751480435200438,0.11089039705681285,0.04493361723700924,0.032814733817885945
80,0.033514424890824276,0.03267022230815335,0.03249657897046172,0.03325769047711585,0.03619056371566722,0.11713545211261978,0.11089663378280458,0.04525036254622329,0.032982117378372165
81,0.03324359282621786,0.03283011680132977,0.03237016451554175,0.03356916804362333,0.036034719447265454,0.11694297799871431,0.11090302170194878,0.04529958053513226,0.03298758645379464
82,0.032968732991788964,0.03295917946848239,0.032407021390811225,0.03331598559840198,0.035799022855130216,0.1165630970613042,0.11094102558836488,0.045519199461107926,0.03254529399273758
83,0.032995239004374115,0.03271414232398637,0.0323833992575044,0.03296240415358501,0.035795181094695074,0.1164801712369477,0.11102685441543857,0.04576139593961236,0.032640136636075456
84,0.033030021471759506,0.03253442065516113,0.03220177183780232,0.032825502302093655,0.03563291418477234,0.11641105314252664,0.11137757084895182,0.04562087776893707,0.0326597046979153
85,0.03297570716440219,0.03257228927090187,0.03259134018423685,0.03278243146970695,0.03569605684909668,0.11636415342022371,0.11124024250126127,0.0458237743890907,0.0328849521583899
86,0.0326630751487839,0.032495892419917086,0.03254237858644128,0.032721327950489064,0.0354425930413124,0.11645849062296282,0.11112264682970589,0.045837711931592987,0.032707786479160596
87,0.03243639375800664,0.032770228214565864,0.03230337521878255,0.03245866761775805,0.03540621697450444,0.11627623547985379,0.11145472953343823,0.046081048449969964,0.03245545360961345
88,0.03216013495851615,0.032842120384989605,0.032339627384159964,0.032137752258464804,0.03548749386202256,0.11624849193482681,0.11173238788673151,0.04615586300842253,0.032540340707387407
89,0.03225929220980423,0.03238847957365923,0.03218978984369953,0.03266732856420152,0.03542189022555395,0.11621976131040304,0.1114431363057862,0.04583187853279148,0.03269650833184393
90,0.03252064138890317,0.0321751673839251,0.032437407445156656,0.03277149878243302,0.03500183210744535,0.11636690966024935,0.1114386871460126,0.04619790626557493,0.03266601337068825
91,0.032383656556360205,0.032230522940040876,0.032777354739494155,0.032609555784543734,0.034805960882787305,0.11604841468212244,0.11157598384862857,0.04578833873171338,0.03242647438799221
92,0.03279142637738396,0.03221452613117533,0.03327864054386048,0.03245767254755718,0.03521009173372325,0.11610395967296532,0.11129378551357201,0.045855047561712846,0.03217378042836387
93,0.03254386409022785,0.032307044205134416,0.03336466870646539,0.03243385197074479,0.03540524390630349,0.11612492465751842,0.11174089355383908,0.0458150819385258,0.0323521586947809
94,0.03240642464540985,0.03252757447077624,0.03268497007992319,0.032613192434455894,0.03561326462279602,0.11608992036548273,0.11165226027189247,0.046088605158721825,0.03247673517715129
95,0.032584035796167705,0.03266584496711118,0.03264507194107853,0.03209092433547579,0.03552867504447895,0.11602768519081462,0.11158380237818966,0.04610158833167583,0.0322985849442132
96,0.032648643806515894,0.03252668825938419,0.0325943561312084,0.032143491189115934,0.03554277220665406,0.11575498994927762,0.11173227407487789,0.04591414127964344,0.032184371920126284
97,0.03241224346252935,0.03232071875490407,0.03267491098817926,0.03233401897064093,0.03568107717600256,0.115733779323044,0.11138608570581457,0.04548289462189794,0.032104322975502204
98,0.03254156182127636,0.031889550058068594,0.03252641676319363,0.03238108005595948,0.03584419200582919,0.11565092997112056,0.1112669667039845,0.045666529993932545,0.03226309642209224
99,0.03257392457844049,0.03208503245499726,0.03258213656942422,0.03220155489337866,0.03583827570552925,0.11573178629773302,0.11147065537811729,0.04547722311081511,0.0322312914158047
100,0.032566490411609236,0.032230281277223265,0.0326672698289735,0.03162980399102447,0.03573886158477402,0.11577603121113511,0.11144768389747488,0.04531469878314702,0.031986938085979466
101,0.032785789837409894,0.0318356741385806,0.032902672925271964,0.03129025735004694,0.03570649547752843,0.11578714560294105,0.11164081145322298,0.04561962265668208,0.0320498828968741
102,0.03228500972909421,0.03198875510401163,0.032790909093458324,0.031840009196793494,0.03592920569899637,0.1160390032039628,0.11171006890312125,0.0454358187493267,0.03191202654653173
103,0.032161413709458055,0.03191488233147637,0.032767476611871765,0.032337795956924216,0.03610571562360627,0.11585768639371093,0.11188165091649035,0.0454863005807076,0.03225417394115528
104,0.032177789876302425,0.03182210074498819,0.03279021325680033,0.03180006107707005,0.03632379411935074,0.11638202048775328,0.11170535306525219,0.04605318850738457,0.031703062162413156
105,0.03235188364453385,0.03174771689511573,0.03276367600487816,0.031607420959678015,0.036499739506165536,0.11648164504295414,0.1118254129212918,0.04560783022982455,0.03235514040169321
106,0.032300395969929376,0.032286281520247054,0.032406677954629974,0.03153823936684872,0.036545389359260244,0.11625912034090272,0.11209368204256571,0.045970077179420796,0.03213371512634576
107,0.03185391992700714,0.0320395403911492,0.032214390336206274,0.03173023651143286,0.036374857480166445,0.11621716151265585,0.11207076844026745,0.0456184516322051,0.032564683311943995
108,0.03192704597791151,0.03173626816890887,0.032262557056235965,0.032219250457426206,0.03632266853258344,0.1164080286168571,0.11216014599796027,0.046050323682812276,0.032221265797805605
109,0.032112353495412325,0.03155584213173099,0.03216985116565477,0.03199291854305942,0.03642209017801264,0.11654132923460113,0.11202926329905662,0.046149795369899264,0.03231340857871568
110,0.032441300036604274,0.032058883541883985,0.032431868811752654,0.03193848224370125,0.03629957441158882,0.11673641705197856,0.111659206290975,0.04571225145837063,0.032042929592785804
111,0.03250872483478414,0.03178239296578072,0.03242669803633298,0.032088653990179725,0.0365490069468011,0.11671743027429644,0.11152420637416065,0.045979783733568785,0.03210254043972241
112,0.03228146739141734,0.03193605716362754,0.03245720489245473,0.03198431780485231,0.03674821679243145,0.11685824933755401,0.11159152390822766,0.04639129570152661,0.03234717649000711
113,0.032271325783736496,0.03172656379833964,0.0323905344382423,0.03208796569684817,0.036730856813546695,0.11655676508327661,0.11165834315326967,0.04605964830240466,0.03194555887946536
114,0.03233650936835587,0.0315950079001742,0.03227377927980333,0.03198525418630617,0.03683745614798353,0.11653813440619568,0.111660361079762,0.04655020593599491,0.03223788435120305
115,0.03196081123870937,0.03162094863585934,0.03230268083936411,0.03192700858010068,0.03651818512751363,0.11644357374811992,0.11169869186598384,0.04635832887999194,0.03259993797676666
116,0.03175218900545975,0.031484801748974105,0.032257243826045626,0.031905066378568825,0.036644551995481035,0.11649020212801076,0.11204880103201549,0.046057216487101156,0.03330161015457618
117,0.0319115046713806,0.03136871520482958,0.03237153831877173,0.0319673294570689,0.03644815310146036,0.11650647019293445,0.11224605978754051,0.04564693290304296,0.03291517627060641
118,0.03246133044681491,0.031059581646477367,0.03242240779647252,0.03160366265404948,0.03623599696910353,0.11659656775245368,0.11231534436082061,0.04607949122703628,0.0324364817526394
119,0.03270306209299569,0.031370338425556435,0.03230887671923802,0.03182980071231849,0.036309029435032905,0.11707031830207046,0.11191683481422547,0.046297852465264404,0.03294390023494702
120,0.032519689703027335,0.03135357813446674,0.03237807640160596,0.03206702286676899,0.03641702600859861,0.11708456575451699,0.11169562482386897,0.046894720410096125,0.03305676526696896
121,0.03277404896806466,0.031335877074741274,0.03252943759777684,0.031685412078591844,0.03633114396970957,0.11702348662064575,0.1121960802999486,0.04637561154154358,0.03293314950894806
122,0.032394269776722745,0.031136908740873222,0.03262730890345872,0.03166759603813957,0.03640316249729894,0.11679872627312289,0.11214242555711045,0.046113287944957185,0.03289395434634315
123,0.0320396668941744,0.03132681681657551,0.03228022060371225,0.03201341757746697,0.035991611030710365,0.11736461059521114,0.1121856089497045,0.045940970338087264,0.03245259652793393
124,0.032205478011625904,0.031610383525003845,0.03232026460082938,0.032027529232312044,0.035740154338463115,0.11733409795906938,0.11235746951602398,0.04593457318436232,0.032238831616337296
125,0.03204768932050431,0.031619756157825384,0.032241041871546236,0.03194659958630935,0.03594668298203032,0.11734331783216385,0.11200473281195529,0.04622266046820804,0.0320162763432105
126,0.03267302422939382,0.03145292898615164,0.031891270271388175,0.03207552196089682,0.036117037170762714,0.11733860187914026,0.11202343320644746,0.04575258065731213,0.03190743928763475
127,0.03249342824564134,0.032100294112507616,0.03178527129604618,0.03170880205525347,0.036032997239703914,0.11712512279002492,0.11180253565483289,0.04570308790892212,0.03206665658385688
128,0.03265747377505005,0.031833076022948964,0.032121695985368216,0.031677007764438936,0.036045725452693425,0.11697575212232073,0.11178164217679522,0.0458175829836593,0.0317412638234278
129,0.03262266098748216,0.031790345187662446,0.032437599388982,0.031560379858790996,0.036405291383208326,0.11700127226196284,0.11188605760031438,0.04592138036294408,0.0317737399825861
130,0.03278705799349207,0.03170189043961587,0.032650939981967435,0.03152924177189868,0.036402062729290884,0.117078712299328,0.11162911696908936,0.04578476260134471,0.032049776086268016
131,0.03258171374878049,0.0316744524988689,0.03242089721919953,0.03171937472604757,0.03613197507225631,0.11713087533463828,0.11192845312632696,0.04597039396317846,0.03233045599126309
132,0.03302963631527733,0.03210364219594584,0.03235714731648519,0.03152572201310457,0.03588371705269891,0.11709143088708472,0.11181344645747217,0.04592327653049881,0.032294313475701324
133,0.03300573652454256,0.03141951061105691,0.032449658990810475,0.03166011156347638,0.036024533811252916,0.11724690395864693,0.11219289948137838,0.04595122082851157,0.032255029065529434
134,0.03238197531611844,0.03148344646244635,0.03212025686156177,0.03127010296875201,0.03583797274081668,0.11749135049031376,0.10717480844262156,0.04627182565712735,0.03227741258391894
135,0.03228616952551665,0.031360116455954684,0.03223850270177487,0.031609125084333646,0.03567716162263648,0.11767485686478259,0.10613131155564534,0.045957228966308404,0.03250085781557781
136,0.032288798695596296,0.03132019081174065,0.03221951913894421,0.0313579468980078,0.03541622990076822,0.11728167673049486,0.1067001616410839,0.04576689023364984,0.03194514354738706
137,0.03240713710047127,0.03118873147402443,0.03223684485952239,0.031726624548800764,0.03557392489587463,0.11736284188038391,0.10617813399547585,0.04583332080536973,0.0320479518106607
138,0.03233522628277496,0.03123037035602685,0.03253802705034305,0.03102358367898607,0.03564705673576371,0.11687801516585639,0.10625168086890723,0.045852776095818795,0.03225975956785507
139,0.03245024948246804,0.031064919386850506,0.032994887888277244,0.03105999772728308,0.03527679016961354,0.11709568523491026,0.10596083095697241,0.04605913139438834,0.03227573856938755
140,0.03201984628446222,0.03113581712617993,0.03250779974221467,0.03143805271869425,0.03568821861423047,0.11675593480382687,0.10581949150466059,0.0465302498781981,0.0318125543797978
141,0.032315058452273546,0.030978720238706656,0.03235997877274774,0.03183529341030448,0.03549932317584264,0.11679479871727823,0.1056383249906307,0.04664672788814812,0.03183213415625444
142,0.03272370231664015,0.03086153948996136,0.03246373876883119,0.03204478825581279,0.03530303229904101,0.11703616969502742,0.10566339734407777,0.046268457552157055,0.0320945817720057
143,0.032316217486095804,0.030681869901924983,0.03228179029281221,0.0321860144034864,0.035179010705937076,0.11737591979898551,0.1052282997580853,0.0460594598312342,0.03271417598676373
144,0.031813500257717404,0.030802362710462595,0.032229215757003195,0.03203044808382914,0.03537985192413188,0.11731723610646021,0.10511292486767719,0.04636908911690482,0.033054491283399115
145,0.03214154803393466,0.031034041167578384,0.03230148029594755,0.03160553328574744,0.03520646304037012,0.11745377555087269,0.10012354967677364,0.0462877424120702,0.03330608483276278
146,0.03231800715976767,0.031061186026020912,0.03246097457193115,0.03176546949805943,0.035095672424011674,0.11736658473111775,0.10006963226929066,0.046147061056560655,0.03329943128776535
147,0.03226843480162582,0.031020220320867615,0.03237266233589345,0.03205440959619129,0.034909891485847604,0.11720483655745993,0.10031625618718325,0.04613175110377627,0.033186095902074816
148,0.03216132915578544,0.03125038492189126,0.03261913863925655,0.03166933762471183,0.035032285364967754,0.117340188769603,0.10076338397370926,0.04648580503156499,0.03328145961514941
149,0.031755526288055363,0.031293357388230324,0.032967547883069055,0.031687374901493016,0.03507867181689332,0.11755247195662136,0.10018444602047674,0.04606525124074669,0.032596344956577775
150,0.03162430708664674,0.03134842457507363,0.032807443667538606,0.03195546932009281,0.034871406114238654,0.11761748398396829,0.10059233130124805,0.04609431422916648,0.03274948462227018
151,0.03181274413994773,0.03104583319717026,0.03242848523153523,0.031789612879393234,0.034898979136292266,0.11738052015350786,0.10043315279409604,0.046013349953153405,0.032999374063072885
152,0.03236694088389983,0.03151301343678698,0.03258817555254597,0.03152236722406022,0.03464968368883527,0.11725605728905424,0.10032453712946625,0.045963076902059155,0.03299121552133765
153,0.032229689751734285,0.03159673981996218,0.03215574178986652,0.031123191356582217,0.03482361928754048,0.11698923731542785,0.09980372915789938,0.04576058607486786,0.032836840869805754
154,0.03229151794906186,0.0314955323562452,0.031878909475195984,0.031174553275080605,0.03509212198993472,0.11729001687169514,0.09982806730500286,0.04591604185777277,0.03269965631527164
155,0.03253048046488457,0.03134732657866134,0.03218051912870549,0.03126033156939988,0.03504180407851262,0.11713575085181235,0.09995909043647026,0.04601239979330566,0.03239535607359334
156,0.03248356356882611,0.03109201161230597,0.03229043841521137,0.031065762101436304,0.03509258918437711,0.11727163450521415,0.09998351499999723,0.04644044592179837,0.03249116801376913
157,0.0325876759893378,0.03107379839297995,0.03204907794355409,0.03097753512935563,0.03493236859248195,0.11746600712505686,0.09993772212468394,0.04634260858744469,0.032420440709774685
158,0.03246759667217531,0.03157200787961705,0.03228369026697348,0.030749327703471104,0.03488360209917358,0.11734560779967623,0.10000054811681651,0.04583069221877978,0.03267186279339786
159,0.03226785828254644,0.031222247464408222,0.03210781022135004,0.030960898585760968,0.03505542721252058,0.117364533721028,0.10025381315678993,0.04552718037463983,0.033023695084995544
160,0.031980267224612426,0.03146411890866821,0.0323427709896001,0.03093046445274653,0.03484081974509335,0.11730782905330535,0.10031119656505166,0.04541541612102521,0.03287336047625497
161,0.03212521604032099,0.030939389237563616,0.03231734021475591,0.030627531124212858,0.03497499583825681,0.1174026919128792,0.10035835845201178,0.04542192415058387,0.03274338944483383
162,0.032364803130463346,0.03091601616262446,0.031925510422946154,0.03092170757927206,0.03505874291088198,0.11748165463424125,0.10027209223188313,0.045657061559835184,0.033377199982907474
163,0.032279996742957145,0.030961225076031572,0.03184089803568402,0.030995431378487853,0.03468766531333107,0.11759573184678551,0.1000769518573738,0.045803311523304906,0.03276443099382361
164,0.03220729518989073,0.031128107233080925,0.03217986801331589,0.03126081071208069,0.03451274524477398,0.11776493145816747,0.09978432366587635,0.045861407610727684,0.03266733970800192
165,0.0324428414820407,0.031162589355320083,0.03261251031339629,0.03183381305254018,0.034558541219855944,0.11773939115849248,0.0996968566320542,0.04536859029267551,0.03266396432181836
166,0.032252473211671864,0.031272217489289156,0.032562632159373495,0.031671292455063,0.03485346587847366,0.11777513463448962,0.09954672708912705,0.04525923349372681,0.03306981870766794
167,0.03226745401193731,0.03133670822943733,0.03246071668165863,0.03171067818553035,0.034770465584978164,0.11767095059331564,0.09456028819658435,0.04577761393500503,0.03297826287826675
168,0.03230552285372375,0.03161980821491797,0.032734548486570834,0.031913960877043616,0.03464952301467033,0.11801763729740654,0.09462896846224966,0.04552991303149091,0.03307406028470622
169,0.03218788227939429,0.031308111875696876,0.032441631725424684,0.031688314553413255,0.03486415644073816,0.11785053730703868,0.09413450383473254,0.046001342749226674,0.033184864506265475
170,0.031754901722342056,0.03139539762582668,0.032563804260921064,0.0319703743751604,0.03537572792847484,0.11764438094171639,0.09410871757874695,0.04556714303522142,0.03308666291034708
171,0.031963153762482856,0.03163709955145,0.03230928480118605,0.031669381592538785,0.03491388569643139,0.11751776159937229,0.09387669657790321,0.04557289569087796,0.03297770315030914
172,0.03166131629774528,0.03131756810012817,0.031924751349904495,0.03174315186244821,0.034394291675175916,0.11731756828614714,0.09371439734555083,0.04610979167279791,0.032867372031103084
173,0.03129752395956466,0.031485320240379984,0.03218965140559025,0.031578225155616535,0.034484397366628346,0.11741020520255199,0.09377045185159609,0.04586208925802463,0.03330430455133613
174,0.031216651572831478,0.031385751131106,0.032164933511623424,0.0317947998880093,0.034477366079068955,0.1172840312187385,0.0939285788961894,0.04555686231846934,0.033613367952351966
175,0.03147824793045392,0.031288182015096984,0.03213678186878397,0.03202208929689744,0.034401751459608186,0.11705465997517223,0.0935281146072254,0.04602790361611084,0.03355361843959105
176,0.031277955559157286,0.031723018736117374,0.03191457820187015,0.03199745831381806,0.0343002184664972,0.11734280185027887,0.09365853680107611,0.046238322014394775,0.032714459452875516
177,0.031199866544853072,0.03204969579866392,0.03177579461756833,0.032223090400199654,0.03442084776585115,0.11695099983803646,0.09374501601740273,0.046144750966806085,0.032373219029157185
178,0.03162492331911839,0.032151679007940144,0.03173629804883014,0.03246986701958335,0.034560050045599505,0.11715101485380071,0.093574790251545,0.045844079683209894,0.03252243456732551
179,0.03155455083666387,0.03188671413420653,0.03172740135731235,0.03255756514309718,0.034691303535546045,0.11243657830019661,0.0936202726876664,0.04595843170432975,0.032350232389700154
180,0.031249512242783165,0.03177431522529814,0.03147754683829119,0.03228434779465169,0.03460520984107496,0.10861546712200092,0.09346861175102385,0.0457397804235964,0.03250835445981298
181,0.03131461334850683,0.03189042466884155,0.03144918072278469,0.03208431472467095,0.03440529175120795,0.10830075881202393,0.09348703609226743,0.04637514480910044,0.032552873439029635
182,0.031492771409458796,0.0318854066004948,0.03141489513487679,0.031256791932773025,0.034243179605546965,0.10661393611445757,0.0935848355996177,0.04659842204769903,0.03214141718019149
183,0.032117899356871045,0.0321973011623928,0.03162424087217499,0.031500175101953416,0.03443923176514156,0.10618095890416226,0.09338364622008608,0.046541085624551046,0.03220167568100452
184,0.031815761171092555,0.0320081409260832,0.03207682691604208,0.031655124531652624,0.03442844689825061,0.10637114303655747,0.09315465630745033,0.04639042760483225,0.032168722667851576
185,0.03180875010856094,0.03182366425009548,0.032154930620112,0.03197445095242979,0.034366837178455935,0.10592348135783276,0.09345340455968144,0.04633839741148939,0.0317260822194399
186,0.032202021856828085,0.03164362745303161,0.032203727593729185,0.031686452454699345,0.03419035067871025,0.1057745270082242,0.09324202131283146,0.046484072210967925,0.032122275979280336
187,0.032229230980287224,0.0312989013641631,0.032126736230998175,0.031623896035739334,0.03426269444058036,0.10628803042495627,0.09284448740553398,0.04601041157013761,0.032125547127621994
188,0.031810926907433,0.031514673945967665,0.03242316504675922,0.03126376691018688,0.03409717777473303,0.10627568938583329,0.09288940913197358,0.04621451061483061,0.03233368568956252
189,0.03220255816596831,0.031625266781885035,0.0325433040107562,0.03125720498609854,0.03415460322507413,0.10560809082106949,0.09272482228627218,0.04618540980725257,0.03228727777036129
190,0.03209079434804416,0.0313199668399422,0.032164549707795136,0.031079460560461503,0.03410935725167451,0.10556097004844817,0.0926506555797053,0.04631257125123988,0.03252822579727519
191,0.032315059053723345,0.03132474540715586,0.03213401937129231,0.030626167326892974,0.03396084199608637,0.10581768254965704,0.09277695247860719,0.04624212279705088,0.032529310233288325
192,0.032210387929270085,0.031029108596354993,0.03221832545937034,0.031429716944919445,0.03408227569959591,0.10551861816331852,0.09248680593951181,0.04618218050494956,0.03280967632084665
193,0.03222300522267467,0.03083379702263559,0.03249144512873282,0.03129297738666328,0.03417257250000931,0.10518104566293277,0.09285970787633416,0.04574421971781309,0.032801153760280324
194,0.03227735041202568,0.031043031740318427,0.032610220212424004,0.03158334005127808,0.0337053824910192,0.10047242994312383,0.09263985154310993,0.04518058052708158,0.032743210247421946
195,0.03259281541813517,0.030876201805003927,0.032436833390505876,0.031828251703739624,0.034121677698060814,0.10090083201150166,0.09256858780127546,0.045304368991507006,0.03293211831375204
196,0.03280862404969439,0.030791580676488198,0.03222878803755595,0.031552088001527055,0.03376339737595104,0.10077915782236645,0.09238118256756053,0.04552951183935556,0.032789922795925804
197,0.03270658479928588,0.031350029795804785,0.031430518579827156,0.031909523501336516,0.03382116720236617,0.10041335552388043,0.0927587111130494,0.045493554986686925,0.03315774200411291
198,0.03234861200504369,0.03111692431013318,0.03149680224904798,0.03149024433048592,0.03444298929646305,0.10011073825809648,0.09244398104737532,0.04611590008560991,0.03307772532158623
199,0.033035456863188845,0.0314084934167089,0.03131045770696232,0.031571993660005966,0.033755231458283706,0.09996702443115847,0.09256612379153255,0.04585455950302467,0.03259518017464433
200,0.033123536924914924,0.031659518561158846,0.03137640541778164,0.031859551519312905,0.03445051022382392,0.09965169309680823,0.0924915143890294,0.04597239528326642,0.03261369904567075
201,0.032801480561756906,0.03175047931866705,0.03164896886218675,0.03153515989066018,0.03401638350284535,0.09935426347559226,0.092157567745817,0.045770453426956785,0.032792433200183775
202,0.032278972845445945,0.03139039503422998,0.03201697706140957,0.031623544812876665,0.03402850189459004,0.0990840359946097,0.09248064384256215,0.046146384894557045,0.032544533562859634
203,0.03222428601698659,0.0315163600739971,0.03174347612825641,0.031681685933010746,0.0338979586227242,0.09909404662221437,0.09202519371617943,0.04603200428555659,0.03261119447845397
204,0.032332121705714284,0.03134300676006554,0.031683428940235146,0.030951236112071737,0.033774461923826576,0.09878673611980474,0.08706538210732787,0.04593272974762799,0.03239335517625291
205,0.03236099504060493,0.030944629907395247,0.03202905862583169,0.030952709372998433,0.03373227604669474,0.0990599889954231,0.08422323433871445,0.04582825626182168,0.032381575200398936
206,0.03184519151601814,0.031069340447079482,0.032085347092157275,0.0311204897874564,0.03405089594912577,0.09865585435531767,0.0840709234809163,0.04588008528156485,0.03238582797015265
207,0.032102832763631725,0.03122644927644665,0.03203573054458843,0.03141632191693876,0.03381968009411531,0.09889652547705666,0.08398997048477048,0.04618866073650325,0.03245416904215534
208,0.03207101806393554,0.031426609683304026,0.031852972335122506,0.031217228119099865,0.033536157849619705,0.09871357865171186,0.0835097893907583,0.04638375805705201,0.032407123384512675
209,0.03245496259514502,0.03120767231426345,0.03215943199219319,0.031061526432303106,0.033348581726311985,0.09874278061970841,0.08322603559477776,0.04623246278653566,0.032549029873045296
210,0.032211525013488,0.03122031678354097,0.03213988642157187,0.030981726043024183,0.033449503489708036,0.09880816928614164,0.08251371829340051,0.04632484509172103,0.03195480286334748
211,0.03229411015058665,0.03184862829690622,0.032350003801753,0.031069028192335302,0.03332246293677141,0.09864382539795925,0.08103364294816884,0.046013338781637714,0.03224318259124451
212,0.031804642494693655,0.031639396770961045,0.0323652841159954,0.031737426348037126,0.033370564181286845,0.09842375998948905,0.0808294126794041,0.04606322977303608,0.03216814681025785
213,0.03165951227552031,0.03154671391254906,0.03234741685142037,0.0315116753405967,0.03289741745936192,0.09832964304996707,0.08126765731727399,0.0459563702729698,0.032352370689744114
214,0.031509137352668824,0.03155443969963894,0.03188286036046384,0.0309895176812295,0.03329526318448537,0.0977173653233331,0.081316248201936,0.04631838251018093,0.03196375111353543
215,0.031920688475063394,0.0313218106319869,0.03212733689102003,0.031119383983602738,0.03356315492800251,0.09766464302418111,0.08085244157434482,0.04646785834304712,0.03213141869097857
216,0.03184147387821819,0.03122398445616841,0.03221699464547291,0.03126971541466182,0.033662452973678335,0.09763609830630932,0.080746972363933,0.04651317182398361,0.03241239665599589
217,0.03201407065860488,0.03130687973492404,0.03204213119607718,0.03124285560521832,0.033833855027291186,0.09744380849921583,0.08083726367987368,0.04620923212735337,0.03238730210091687
218,0.031762776836160425,0.03146383530947717,0.03220713608788708,0.03141250154286515,0.0334755794389513,0.09702961047879952,0.08086532880090988,0.04591343488962232,0.03211221929297522
219,0.03202991911033424,0.03182548712856018,0.032270899950209056,0.03131069930754501,0.033566235461317394,0.09707817614723582,0.080884146513158,0.046234276090338096,0.032152303376331716
220,0.03186315454387888,0.03129390938144904,0.032290395976947654,0.031323030631253586,0.03376045010248834,0.09676031658856367,0.08071234522298026,0.04605334673068759,0.032459099599370926
221,0.03207577347204366,0.0315411256483804,0.032429353059925545,0.031032467348526032,0.03394245361283563,0.09717122168601759,0.08054014749297712,0.04573832175887142,0.0321704662153484
222,0.03206072417026183,0.031018742901206115,0.03263895295882759,0.030775133150282553,0.03350574767402765,0.0972893122382186,0.08003784206507887,0.045763257630985224,0.03234946283663091
223,0.03178510675830655,0.0312768237655432,0.03254282232185411,0.030711548033685535,0.03343713952019852,0.09677360841761089,0.08004370421732854,0.04562607861230052,0.0324185712150531
224,0.031658561666984976,0.0313928966153125,0.03231803923704639,0.030870214491671547,0.033388908150345,0.09671449065313012,0.0798673259331142,0.045492739361650616,0.03226887860298717
225,0.03197750014656003,0.03134221200306702,0.03215338945378627,0.03125358962535914,0.03312848258741233,0.09169943533720896,0.0795562477745045,0.045975386774766196,0.03272151115797559
226,0.0320303942552024,0.031478769677702946,0.03208621904770627,0.03119020401140067,0.03326298439487902,0.09218455886730201,0.07948284206675052,0.04548230046395638,0.032602757202080536
227,0.0318384409672763,0.03161714707820859,0.03229657662075469,0.03116548254619144,0.0332474346363647,0.09225831394865537,0.07920858470212203,0.045885577341821346,0.03260513768679021
228,0.03205070562532587,0.031959518731957806,0.03221371930308781,0.03139461007114978,0.033078107891610045,0.09200370420336913,0.07850413190928555,0.04581035098698752,0.0327493919397688
229,0.0319095227011762,0.03125837033131245,0.03196019297764458,0.031279281551326636,0.03289163033102224,0.09224207363257877,0.07892529922472956,0.045713600876744066,0.032724869654334035
230,0.032228218929103734,0.0313525888627938,0.03271946454899866,0.03131226902861105,0.03305436647315,0.08720021036206026,0.07952136404828233,0.04583677423488583,0.03313401000042816
231,0.031915483879177094,0.031408354799590844,0.032720659070917334,0.031326431733643766,0.03320869840182816,0.08723148044042416,0.07899679910866232,0.046102131886111876,0.03295145821681901
232,0.03173612659795888,0.031200329464180714,0.03280313140072015,0.031405463413851406,0.033129540603308555,0.08735694264687453,0.0785166768530738,0.04591271051713885,0.03288576220971559
233,0.031548147217979,0.031235719242835136,0.03253657167226334,0.031218889871407116,0.03312466329510355,0.08734048212520193,0.07871856647076805,0.04624543234513387,0.03298896288070922
234,0.03137000422353179,0.03113548548274789,0.032484482689485984,0.03133150307106542,0.0334214206028917,0.08704834592485261,0.07904502671137907,0.046080377609985936,0.03294624579908037
235,0.03122892357434146,0.03150963256427605,0.032147290292788816,0.03159188014736477,0.03344141901500973,0.08727365407639463,0.0790667277916422,0.04599257713663403,0.03295731511212084
236,0.03116943364781379,0.03141722269035685,0.03147588497826366,0.0311885924629054,0.033459532651365816,0.08723150961237777,0.07386704876794029,0.04621501931258629,0.03274220520907044
237,0.031196340782423098,0.03135903751746201,0.03159840984808383,0.03110691566160505,0.0335855226926535,0.08705948117181372,0.07346718761316265,0.04596052537003395,0.033017682723880136
238,0.031789462713067485,0.03120470937702486,0.031973990078200835,0.03140961259003257,0.03342484839657857,0.08741257189703615,0.07353484347775295,0.046203315261570364,0.0330874010152257
239,0.031900370848040975,0.03112857246080056,0.031685734261402726,0.03144608623498464,0.033146477519502796,0.08709373583337082,0.07411416707811283,0.046560107097272346,0.03312750844789524
240,0.03188315625766604,0.031125141340404776,0.031988525229842364,0.03166385358234279,0.03315385772959848,0.08722367843527591,0.07446159211412029,0.04654336107839701,0.03317916623446319
241,0.031933811012607206,0.03121794227897635,0.032308183884490936,0.03163745108506069,0.03312659497711914,0.0871630369308391,0.07379764910732359,0.046295849179545774,0.033167027179966134
242,0.031974142068733176,0.03102335687787901,0.03241451128330046,0.03146226361324753,0.03307338821774322,0.08715905396770827,0.07394493851479145,0.046278868076247655,0.033266751910825024
243,0.032042747914321074,0.03130867433991703,0.03230722492843669,0.03125807318416933,0.03284219746340634,0.08698453303523505,0.07366757774607122,0.04576739654641498,0.03311860143128838
244,0.03201488299888318,0.03155330158957617,0.03261463424181687,0.031377241327912225,0.032814889137693724,0.08706040000286187,0.0728405293515904,0.04579451484381703,0.032707034493498426
245,0.03195991919328976,0.03150130371307159,0.03267907836382908,0.03130987624031795,0.03298123407334473,0.08716604065897753,0.07307158470244966,0.04586084687099331,0.03276693120456601
246,0.032366207872143775,0.03118021276303817,0.03258965833644704,0.031208008611199645,0.03302671852229262,0.08166540854584194,0.07301518735918297,0.046120980567015704,0.03273383623741625
247,0.03216378151711775,0.03082414800873749,0.03247262204624273,0.03046749834528192,0.0332157968495396,0.08150266356249601,0.07336156028435616,0.04584261300322442,0.032602172188347316
248,0.032058668668990264,0.03109751218888032,0.03282107483712697,0.030413598725746425,0.03304703183696248,0.08142848424255177,0.07277166299421887,0.046358862449180395,0.03289230499683486
249,0.03271714529616374,0.03089162354817089,0.03247543740416214,0.03081116174598515,0.032910315301499606,0.08119928360418324,0.07254311834694896,0.04640701460715344,0.03295374720411134
250,0.03262984572399751,0.030626380385508745,0.03225043095508544,0.03087302152091734,0.03287138500119224,0.08102382126506089,0.07216974582221393,0.04603831864719864,0.03300731455342161
